indonesia,1
foodwaste,1
zerowastelife,1
wastefree,1
foodrescue,1
socialmovement,1
foodbank,1
volunteer,1
relawan,1
noplasticisfantastic,1
mindsetshift,1
zerowaste,1
zerodechet,1
zerowastehome,1
zerowastelifestyle,1
greenhost,1
kulinerjakarta,1
zerowasteindonesia,1
eco,1
minimsampah,1
wasteless,1
sampahmakanan,1
foodbankindonesia,1
zerohunger,1
isupporthungerbank,1
movement,1
stopfoodwaste,1
socialenterprise,1
socialmovement,1
bebassampah2020,1
foodcrisis,1
sustainabledevelopment,1
loveyourfood,1