travelling,1
travelers,1
traveler,1
exploring,1
explorer,1
discoverearth,1
travelbug,1
dametraveler,1
travelingladies,1
thetravelwomen,1
travelblogger,1
womenwhotravel,1
womenwhoexplore,1
passionpassport,1
photooftheday,1
radgirlslife,1
mytravelgram,1
travelgram,1
aroundtheworld,1
traveldiary,1
femmetravel,1
iamtb,1
wearetravelgirls,1
beautifuldestinations,1
wonderful_places,1
potd,1
wanderer,1
wanderlust,1
travelphotography,1
exploresumba,1
pejalankaki,1
folkindonesia,1
exploretocreate,1
instagoods,1
doyoutravel,1
girlswhotravel,1
lovetotravel,1
mytinyatlas,1
wheretofindme,1
humba,1
sumba,1
rajaampat,1
labuanbajo,1
derawan,1
bali,1