resep,2
kuliner,2
jajanan,2
jajananenak,2
jajananmurah,2
makanan,2
makananenak,2
makanankekinian,2
kekinian,2
kulinerindonesia,2
breadmaking,2
tintinraynercookies,2
sambel,2
makananrumahan,2
cookpadindonesia,2
makansiang,2
resepmasakanindonesia,2
mieayam,2
kulinernusantara,2
ag_sambel,2
kuliner,2
kulinerbandung,2
kulinerjakarta,2
kulinerindonesia,1
makananenak,2
makansehat,2
kulinernusantara,2
masakanindonesia,2
masakanrumah,2
kulinerenak,2
resepmasakan,2
masakanrumahan,2
makananindonesia,2
masakan,2
makananringan,2
resepsedap,2
berbagiresep,2
makanankekinian,2
doyanmasak,2
makananmurah,1
belajarmasak,2
makananpedas,1
makananhalal,1
shareresep,2
fotomasak,1
videomasak,1
resepkue,2
masakannusantara,2
masakanku,2
resepmasak,2